{"teleporting":true,"namek":{"UP1":{"y":91.80620574951172,"x":-2931.08251953125,"y6":91.80620574951172,"z":-691.9078369140625,"y3":91.80620574951172,"y2":91.80620574951172,"y5":91.80620574951172,"y4":91.80620574951172},"UP3":{"y":0,"x":0,"y6":0,"z":0,"y3":0,"y2":0,"y5":0,"y4":0},"UP2":{"y":0,"x":0,"y6":0,"z":0,"y3":0,"y2":0,"y5":0,"y4":0},"UP6":{"y":0,"x":0,"y6":0,"z":0,"y3":0,"y2":0,"y5":0,"y4":0},"UP5":{"y":0,"x":0,"y6":0,"z":0,"y3":0,"y2":0,"y5":0,"y4":0},"UP4":{"y":0,"x":0,"y6":0,"z":0,"y3":0,"y2":0,"y5":0,"y4":0}},"delag":1,"mix":3}